Workbook
Name ВстроеннаяВременнаяШкала_Дата_продажи1: #N/A

Sheet Юг
A1: № | B1: Бренд | C1: Тип продукта | D1: Объем | E1: Цена | F1: Дата изготовления | G1: Дата окончания срока годности | H1: Кол-во поступивших товаров | I1: Кол-во проданных товаров | J1: Кол-во оставших товаров | K1: Поставщик | L1: Дата поставки | M1: Дата продажи | N1: Прибыль
A3: 1 | B3: =INDEX(Данные!$A$1:$A$10, RANDBETWEEN(1,10)) -> Vichy | C3: =INDEX(Данные!$B$1:$B$10, RANDBETWEEN(1,10)) -> скульптор | D3: =INDEX(Данные!$C$1:$C$6, RANDBETWEEN(1,6)) -> 50 | E3: =RANDBETWEEN(600,5000) -> 2080 | F3: =RANDBETWEEN(DATE(2024,2,15),DATE(2025,2,15)) -> 45510 | G3: =F3+365*3 -> 46605 | H3: =RANDBETWEEN(50,500) -> 388 | I3: =H3-J3 -> 184 | J3: =RANDBETWEEN(0,H3) -> 204 | K3: =INDEX(Данные!$D$1:$D$5, RANDBETWEEN(1,5)) -> мир красоты | L3: =RANDBETWEEN(F3,DATE(2025,2,19)) -> 45528 | M3: =RANDBETWEEN(L3,DATE(2025,2,19)) -> 45654 | N3: =E3*I3 -> 382720
A4: 2 | B4: =INDEX(Данные!$A$1:$A$10, RANDBETWEEN(1,10)) -> Kiko | C4: =INDEX(Данные!$B$1:$B$10, RANDBETWEEN(1,10)) -> пенка для умывания | D4: =INDEX(Данные!$C$1:$C$6, RANDBETWEEN(1,6)) -> 50 | E4: =RANDBETWEEN(600,5000) -> 1768 | F4: =RANDBETWEEN(DATE(2024,2,15),DATE(2025,2,15)) -> 45676 | G4: =F4+365*3 -> 46771 | H4: =RANDBETWEEN(50,300) -> 255 | I4: =H4-J4 -> 170 | J4: =RANDBETWEEN(0,H4) -> 85 | K4: =INDEX(Данные!$D$1:$D$5, RANDBETWEEN(1,5)) -> мир красоты | L4: =RANDBETWEEN(F4,DATE(2025,2,19)) -> 45689 | M4: =RANDBETWEEN(L4,DATE(2025,2,19)) -> 45705 | N4: =E4*I4 -> 300560
A5: 3 | B5: =INDEX(Данные!$A$1:$A$10, RANDBETWEEN(1,10)) -> Loreal Paris | C5: =INDEX(Данные!$B$1:$B$10, RANDBETWEEN(1,10)) -> тональная основа | D5: =INDEX(Данные!$C$1:$C$6, RANDBETWEEN(1,6)) -> 10 | E5: =RANDBETWEEN(600,5000) -> 4340 | F5: =RANDBETWEEN(DATE(2024,2,15),DATE(2025,2,15)) -> 45514 | G5: =F5+365*3 -> 46609 | H5: =RANDBETWEEN(50,300) -> 73 | I5: =H5-J5 -> 5 | J5: =RANDBETWEEN(0,H5) -> 68 | K5: =INDEX(Данные!$D$1:$D$5, RANDBETWEEN(1,5)) -> ИП Иванова | L5: =RANDBETWEEN(F5,DATE(2025,2,19)) -> 45664 | M5: =RANDBETWEEN(L5,DATE(2025,2,19)) -> 45677 | N5: =E5*I5 -> 21700
A6: 4 | B6: =INDEX(Данные!$A$1:$A$10, RANDBETWEEN(1,10)) -> Clinique | C6: =INDEX(Данные!$B$1:$B$10, RANDBETWEEN(1,10)) -> тушь | D6: =INDEX(Данные!$C$1:$C$6, RANDBETWEEN(1,6)) -> 30 | E6: =RANDBETWEEN(600,5000) -> 4727 | F6: =RANDBETWEEN(DATE(2024,2,15),DATE(2025,2,15)) -> 45448 | G6: =F6+365*3 -> 46543 | H6: =RANDBETWEEN(50,300) -> 243 | I6: =H6-J6 -> 129 | J6: =RANDBETWEEN(0,H6) -> 114 | K6: =INDEX(Данные!$D$1:$D$5, RANDBETWEEN(1,5)) -> мир красоты | L6: =RANDBETWEEN(F6,DATE(2025,2,19)) -> 45581 | M6: =RANDBETWEEN(L6,DATE(2025,2,19)) -> 45597 | N6: =E6*I6 -> 609783
A7: 5 | B7: =INDEX(Данные!$A$1:$A$10, RANDBETWEEN(1,10)) -> CeraVe | C7: =INDEX(Данные!$B$1:$B$10, RANDBETWEEN(1,10)) -> блеск для губ | D7: =INDEX(Данные!$C$1:$C$6, RANDBETWEEN(1,6)) -> 15 | E7: =RANDBETWEEN(600,5000) -> 2781 | F7: =RANDBETWEEN(DATE(2024,2,15),DATE(2025,2,15)) -> 45381 | G7: =F7+365*3 -> 46476 | H7: =RANDBETWEEN(50,300) -> 160 | I7: =H7-J7 -> 82 | J7: =RANDBETWEEN(0,H7) -> 78 | K7: =INDEX(Данные!$D$1:$D$5, RANDBETWEEN(1,5)) -> Соландра косметикс | L7: =RANDBETWEEN(F7,DATE(2025,2,19)) -> 45555 | M7: =RANDBETWEEN(L7,DATE(2025,2,19)) -> 45618 | N7: =E7*I7 -> 228042
A8: 6 | B8: =INDEX(Данные!$A$1:$A$10, RANDBETWEEN(1,10)) -> CeraVe | C8: =INDEX(Данные!$B$1:$B$10, RANDBETWEEN(1,10)) -> блеск для губ | D8: =INDEX(Данные!$C$1:$C$6, RANDBETWEEN(1,6)) -> 20 | E8: =RANDBETWEEN(600,5000) -> 4629 | F8: =RANDBETWEEN(DATE(2024,2,15),DATE(2025,2,15)) -> 45484 | G8: =F8+365*3 -> 46579 | H8: =RANDBETWEEN(50,300) -> 141 | I8: =H8-J8 -> 117 | J8: =RANDBETWEEN(0,H8) -> 24 | K8: =INDEX(Данные!$D$1:$D$5, RANDBETWEEN(1,5)) -> ИП Иванова | L8: =RANDBETWEEN(F8,DATE(2025,2,19)) -> 45617 | M8: =RANDBETWEEN(L8,DATE(2025,2,19)) -> 45632 | N8: =E8*I8 -> 541593
A9: 7 | B9: =INDEX(Данные!$A$1:$A$10, RANDBETWEEN(1,10)) -> Clinique | C9: =INDEX(Данные!$B$1:$B$10, RANDBETWEEN(1,10)) -> скульптор | D9: =INDEX(Данные!$C$1:$C$6, RANDBETWEEN(1,6)) -> 10 | E9: =RANDBETWEEN(600,5000) -> 1957 | F9: =RANDBETWEEN(DATE(2024,2,15),DATE(2025,2,15)) -> 45489 | G9: =F9+365*3 -> 46584 | H9: =RANDBETWEEN(50,300) -> 54 | I9: =H9-J9 -> 22 | J9: =RANDBETWEEN(0,H9) -> 32 | K9: =INDEX(Данные!$D$1:$D$5, RANDBETWEEN(1,5)) -> ИП Иванова | L9: =RANDBETWEEN(F9,DATE(2025,2,19)) -> 45637 | M9: =RANDBETWEEN(L9,DATE(2025,2,19)) -> 45664 | N9: =E9*I9 -> 43054
A10: 8 | B10: =INDEX(Данные!$A$1:$A$10, RANDBETWEEN(1,10)) -> CeraVe | C10: =INDEX(Данные!$B$1:$B$10, RANDBETWEEN(1,10)) -> помада | D10: =INDEX(Данные!$C$1:$C$6, RANDBETWEEN(1,6)) -> 20 | E10: =RANDBETWEEN(600,5000) -> 2751 | F10: =RANDBETWEEN(DATE(2024,2,15),DATE(2025,2,15)) -> 45382 | G10: =F10+365*3 -> 46477 | H10: =RANDBETWEEN(50,300) -> 211 | I10: =H10-J10 -> 58 | J10: =RANDBETWEEN(0,H10) -> 153 | K10: =INDEX(Данные!$D$1:$D$5, RANDBETWEEN(1,5)) -> мир красоты | L10: =RANDBETWEEN(F10,DATE(2025,2,19)) -> 45649 | M10: =RANDBETWEEN(L10,DATE(2025,2,19)) -> 45689 | N10: =E10*I10 -> 159558
A11: 9 | B11: =INDEX(Данные!$A$1:$A$10, RANDBETWEEN(1,10)) -> Essence | C11: =INDEX(Данные!$B$1:$B$10, RANDBETWEEN(1,10)) -> помада | D11: =INDEX(Данные!$C$1:$C$6, RANDBETWEEN(1,6)) -> 30 | E11: =RANDBETWEEN(600,5000) -> 2098 | F11: =RANDBETWEEN(DATE(2024,2,15),DATE(2025,2,15)) -> 45633 | G11: =F11+365*3 -> 46728 | H11: =RANDBETWEEN(50,300) -> 200 | I11: =H11-J11 -> 143 | J11: =RANDBETWEEN(0,H11) -> 57 | K11: =INDEX(Данные!$D$1:$D$5, RANDBETWEEN(1,5)) -> мир красоты | L11: =RANDBETWEEN(F11,DATE(2025,2,19)) -> 45684 | M11: =RANDBETWEEN(L11,DATE(2025,2,19)) -> 45696 | N11: =E11*I11 -> 300014
A12: 10 | B12: =INDEX(Данные!$A$1:$A$10, RANDBETWEEN(1,10)) -> NYX | C12: =INDEX(Данные!$B$1:$B$10, RANDBETWEEN(1,10)) -> тональная основа | D12: =INDEX(Данные!$C$1:$C$6, RANDBETWEEN(1,6)) -> 15 | E12: =RANDBETWEEN(600,5000) -> 2864 | F12: =RANDBETWEEN(DATE(2024,2,15),DATE(2025,2,15)) -> 45389 | G12: =F12+365*3 -> 46484 | H12: =RANDBETWEEN(50,300) -> 95 | I12: =H12-J12 -> 12 | J12: =RANDBETWEEN(0,H12) -> 83 | K12: =INDEX(Данные!$D$1:$D$5, RANDBETWEEN(1,5)) -> органик лайн | L12: =RANDBETWEEN(F12,DATE(2025,2,19)) -> 45422 | M12: =RANDBETWEEN(L12,DATE(2025,2,19)) -> 45627 | N12: =E12*I12 -> 34368
A13: 11 | B13: =INDEX(Данные!$A$1:$A$10, RANDBETWEEN(1,10)) -> Clarins | C13: =INDEX(Данные!$B$1:$B$10, RANDBETWEEN(1,10)) -> пенка для умывания | D13: =INDEX(Данные!$C$1:$C$6, RANDBETWEEN(1,6)) -> 15 | E13: =RANDBETWEEN(600,5000) -> 2054 | F13: =RANDBETWEEN(DATE(2024,2,15),DATE(2025,2,15)) -> 45553 | G13: =F13+365*3 -> 46648 | H13: =RANDBETWEEN(50,300) -> 251 | I13: =H13-J13 -> 0 | J13: =RANDBETWEEN(0,H13) -> 251 | K13: =INDEX(Данные!$D$1:$D$5, RANDBETWEEN(1,5)) -> мир красоты | L13: =RANDBETWEEN(F13,DATE(2025,2,19)) -> 45554 | M13: =RANDBETWEEN(L13,DATE(2025,2,19)) -> 45586 | N13: =E13*I13 -> 0
A14: 12 | B14: =INDEX(Данные!$A$1:$A$10, RANDBETWEEN(1,10)) -> Maybelline | C14: =INDEX(Данные!$B$1:$B$10, RANDBETWEEN(1,10)) -> тональная основа | D14: =INDEX(Данные!$C$1:$C$6, RANDBETWEEN(1,6)) -> 50 | E14: =RANDBETWEEN(600,5000) -> 615 | F14: =RANDBETWEEN(DATE(2024,2,15),DATE(2025,2,15)) -> 45430 | G14: =F14+365*3 -> 46525 | H14: =RANDBETWEEN(50,300) -> 228 | I14: =H14-J14 -> 33 | J14: =RANDBETWEEN(0,H14) -> 195 | K14: =INDEX(Данные!$D$1:$D$5, RANDBETWEEN(1,5)) -> ИП Иванова | L14: =RANDBETWEEN(F14,DATE(2025,2,19)) -> 45680 | M14: =RANDBETWEEN(L14,DATE(2025,2,19)) -> 45690 | N14: =E14*I14 -> 20295
A15: 13 | B15: =INDEX(Данные!$A$1:$A$10, RANDBETWEEN(1,10)) -> Gosh | C15: =INDEX(Данные!$B$1:$B$10, RANDBETWEEN(1,10)) -> скульптор | D15: =INDEX(Данные!$C$1:$C$6, RANDBETWEEN(1,6)) -> 30 | E15: =RANDBETWEEN(600,5000) -> 3272 | F15: =RANDBETWEEN(DATE(2024,2,15),DATE(2025,2,15)) -> 45342 | G15: =F15+365*3 -> 46437 | H15: =RANDBETWEEN(50,300) -> 108 | I15: =H15-J15 -> 33 | J15: =RANDBETWEEN(0,H15) -> 75 | K15: =INDEX(Данные!$D$1:$D$5, RANDBETWEEN(1,5)) -> мир красоты | L15: =RANDBETWEEN(F15,DATE(2025,2,19)) -> 45505 | M15: =RANDBETWEEN(L15,DATE(2025,2,19)) -> 45607 | N15: =E15*I15 -> 107976
... A26: 24 | B26: =INDEX(Данные!$A$1:$A$10, RANDBETWEEN(1,10)) -> Clinique | C26: =INDEX(Данные!$B$1:$B$10, RANDBETWEEN(1,10)) -> блеск для губ | D26: =INDEX(Данные!$C$1:$C$6, RANDBETWEEN(1,6)) -> 50 | E26: =RANDBETWEEN(600,5000) -> 4031 | F26: =RANDBETWEEN(DATE(2024,2,15),DATE(2025,2,15)) -> 45445 | G26: =F26+365*3 -> 46540 | H26: =RANDBETWEEN(50,300) -> 92 | I26: =H26-J26 -> 36 | J26: =RANDBETWEEN(0,H26) -> 56 | K26: =INDEX(Данные!$D$1:$D$5, RANDBETWEEN(1,5)) -> Соландра косметикс | L26: =RANDBETWEEN(F26,DATE(2025,2,19)) -> 45505 | M26: =RANDBETWEEN(L26,DATE(2025,2,19)) -> 45550 | N26: =E26*I26 -> 145116
A27: 25 | B27: =INDEX(Данные!$A$1:$A$10, RANDBETWEEN(1,10)) -> Essence | C27: помада | D27: =INDEX(Данные!$C$1:$C$6, RANDBETWEEN(1,6)) -> 20 | E27: =RANDBETWEEN(600,5000) -> 1261 | F27: =RANDBETWEEN(DATE(2024,2,15),DATE(2025,2,15)) -> 45685 | G27: =F27+365*3 -> 46780 | H27: =1000 -> 1000 | I27: =900 -> 900 | J27: =100 -> 100 | K27: =INDEX(Данные!$D$1:$D$5, RANDBETWEEN(1,5)) -> Соландра косметикс | L27: =RANDBETWEEN(F27,DATE(2025,2,19)) -> 45694 | M27: =RANDBETWEEN(L27,DATE(2025,2,19)) -> 45705 | N27: =E27*I27 -> 1134900
A28: 26 | B28: =INDEX(Данные!$A$1:$A$10, RANDBETWEEN(1,10)) -> CeraVe | C28: =INDEX(Данные!$B$1:$B$10, RANDBETWEEN(1,10)) -> тушь | D28: =INDEX(Данные!$C$1:$C$6, RANDBETWEEN(1,6)) -> 30 | E28: =RANDBETWEEN(600,5000) -> 3557 | F28: =RANDBETWEEN(DATE(2024,2,15),DATE(2025,2,15)) -> 45702 | G28: =F28+365*3 -> 46797 | H28: =RANDBETWEEN(50,300) -> 123 | I28: =H28-J28 -> 81 | J28: =RANDBETWEEN(0,H28) -> 42 | K28: =INDEX(Данные!$D$1:$D$5, RANDBETWEEN(1,5)) -> Соландра косметикс | L28: =RANDBETWEEN(F28,DATE(2025,2,19)) -> 45704 | M28: =RANDBETWEEN(L28,DATE(2025,2,19)) -> 45706 | N28: =E28*I28 -> 288117
A29: 27 | B29: =INDEX(Данные!$A$1:$A$10, RANDBETWEEN(1,10)) -> NYX | C29: =INDEX(Данные!$B$1:$B$10, RANDBETWEEN(1,10)) -> румяна | D29: =INDEX(Данные!$C$1:$C$6, RANDBETWEEN(1,6)) -> 10 | E29: =RANDBETWEEN(600,5000) -> 2909 | F29: =RANDBETWEEN(DATE(2024,2,15),DATE(2025,2,15)) -> 45659 | G29: =F29+365*3 -> 46754 | H29: =RANDBETWEEN(50,300) -> 167 | I29: =H29-J29 -> 123 | J29: =RANDBETWEEN(0,H29) -> 44 | K29: =INDEX(Данные!$D$1:$D$5, RANDBETWEEN(1,5)) -> Соландра косметикс | L29: =RANDBETWEEN(F29,DATE(2025,2,19)) -> 45665 | M29: =RANDBETWEEN(L29,DATE(2025,2,19)) -> 45668 | N29: =E29*I29 -> 357807
A30: 28 | B30: =INDEX(Данные!$A$1:$A$10, RANDBETWEEN(1,10)) -> Clarins | C30: =INDEX(Данные!$B$1:$B$10, RANDBETWEEN(1,10)) -> хайлайтер | D30: =INDEX(Данные!$C$1:$C$6, RANDBETWEEN(1,6)) -> 100 | E30: =RANDBETWEEN(600,5000) -> 691 | F30: =RANDBETWEEN(DATE(2024,2,15),DATE(2025,2,15)) -> 45454 | G30: =F30+365*3 -> 46549 | H30: =RANDBETWEEN(50,300) -> 215 | I30: =H30-J30 -> 89 | J30: =RANDBETWEEN(0,H30) -> 126 | K30: =INDEX(Данные!$D$1:$D$5, RANDBETWEEN(1,5)) -> Соландра косметикс | L30: =RANDBETWEEN(F30,DATE(2025,2,19)) -> 45572 | M30: =RANDBETWEEN(L30,DATE(2025,2,19)) -> 45653 | N30: =E30*I30 -> 61499
A31: 29 | B31: =INDEX(Данные!$A$1:$A$10, RANDBETWEEN(1,10)) -> Clinique | C31: =INDEX(Данные!$B$1:$B$10, RANDBETWEEN(1,10)) -> пенка для умывания | D31: =INDEX(Данные!$C$1:$C$6, RANDBETWEEN(1,6)) -> 100 | E31: =RANDBETWEEN(600,5000) -> 4579 | F31: =RANDBETWEEN(DATE(2024,2,15),DATE(2025,2,15)) -> 45527 | G31: =F31+365*3 -> 46622 | H31: =RANDBETWEEN(50,300) -> 65 | I31: =H31-J31 -> 40 | J31: =RANDBETWEEN(0,H31) -> 25 | K31: =INDEX(Данные!$D$1:$D$5, RANDBETWEEN(1,5)) -> мир красоты | L31: =RANDBETWEEN(F31,DATE(2025,2,19)) -> 45654 | M31: =RANDBETWEEN(L31,DATE(2025,2,19)) -> 45699 | N31: =E31*I31 -> 183160
A32: 30 | B32: =INDEX(Данные!$A$1:$A$10, RANDBETWEEN(1,10)) -> Loreal Paris | C32: =INDEX(Данные!$B$1:$B$10, RANDBETWEEN(1,10)) -> праймер | D32: =INDEX(Данные!$C$1:$C$6, RANDBETWEEN(1,6)) -> 100 | E32: =RANDBETWEEN(600,5000) -> 4769 | F32: =RANDBETWEEN(DATE(2024,2,15),DATE(2025,2,15)) -> 45597 | G32: =F32+365*3 -> 46692 | H32: =RANDBETWEEN(50,300) -> 119 | I32: =H32-J32 -> 9 | J32: =RANDBETWEEN(0,H32) -> 110 | K32: =INDEX(Данные!$D$1:$D$5, RANDBETWEEN(1,5)) -> органик лайн | L32: =RANDBETWEEN(F32,DATE(2025,2,19)) -> 45645 | M32: =RANDBETWEEN(L32,DATE(2025,2,19)) -> 45657 | N32: =E32*I32 -> 42921
A33: 31 | B33: =INDEX(Данные!$A$1:$A$10, RANDBETWEEN(1,10)) -> Gosh | C33: =INDEX(Данные!$B$1:$B$10, RANDBETWEEN(1,10)) -> помада | D33: =INDEX(Данные!$C$1:$C$6, RANDBETWEEN(1,6)) -> 10 | E33: =RANDBETWEEN(600,5000) -> 2039 | F33: =RANDBETWEEN(DATE(2024,2,15),DATE(2025,2,15)) -> 45656 | G33: =F33+365*3 -> 46751 | H33: =RANDBETWEEN(50,300) -> 97 | I33: =H33-J33 -> 69 | J33: =RANDBETWEEN(0,H33) -> 28 | K33: =INDEX(Данные!$D$1:$D$5, RANDBETWEEN(1,5)) -> ИП Иванова | L33: =RANDBETWEEN(F33,DATE(2025,2,19)) -> 45697 | M33: =RANDBETWEEN(L33,DATE(2025,2,19)) -> 45707 | N33: =E33*I33 -> 140691
A34: 32 | B34: =INDEX(Данные!$A$1:$A$10, RANDBETWEEN(1,10)) -> Clarins | C34: =INDEX(Данные!$B$1:$B$10, RANDBETWEEN(1,10)) -> румяна | D34: =INDEX(Данные!$C$1:$C$6, RANDBETWEEN(1,6)) -> 10 | E34: =RANDBETWEEN(600,5000) -> 4680 | F34: =RANDBETWEEN(DATE(2024,2,15),DATE(2025,2,15)) -> 45686 | G34: =F34+365*3 -> 46781 | H34: =RANDBETWEEN(50,300) -> 174 | I34: =H34-J34 -> 166 | J34: =RANDBETWEEN(0,H34) -> 8 | K34: =INDEX(Данные!$D$1:$D$5, RANDBETWEEN(1,5)) -> органик лайн | L34: =RANDBETWEEN(F34,DATE(2025,2,19)) -> 45706 | M34: =RANDBETWEEN(L34,DATE(2025,2,19)) -> 45706 | N34: =E34*I34 -> 776880
A35: 33 | B35: =INDEX(Данные!$A$1:$A$10, RANDBETWEEN(1,10)) -> Kiko | C35: =INDEX(Данные!$B$1:$B$10, RANDBETWEEN(1,10)) -> консилер | D35: =INDEX(Данные!$C$1:$C$6, RANDBETWEEN(1,6)) -> 50 | E35: =RANDBETWEEN(600,5000) -> 4555 | F35: =RANDBETWEEN(DATE(2024,2,15),DATE(2025,2,15)) -> 45645 | G35: =F35+365*3 -> 46740 | H35: =RANDBETWEEN(50,300) -> 299 | I35: =H35-J35 -> 14 | J35: =RANDBETWEEN(0,H35) -> 285 | K35: =INDEX(Данные!$D$1:$D$5, RANDBETWEEN(1,5)) -> Соландра косметикс | L35: =RANDBETWEEN(F35,DATE(2025,2,19)) -> 45672 | M35: =RANDBETWEEN(L35,DATE(2025,2,19)) -> 45690 | N35: =E35*I35 -> 63770
A36: 34 | B36: =INDEX(Данные!$A$1:$A$10, RANDBETWEEN(1,10)) -> Gosh | C36: =INDEX(Данные!$B$1:$B$10, RANDBETWEEN(1,10)) -> тональная основа | D36: =INDEX(Данные!$C$1:$C$6, RANDBETWEEN(1,6)) -> 10 | E36: =RANDBETWEEN(600,5000) -> 1659 | F36: =RANDBETWEEN(DATE(2024,2,15),DATE(2025,2,15)) -> 45490 | G36: =F36+365*3 -> 46585 | H36: =RANDBETWEEN(50,300) -> 110 | I36: =H36-J36 -> 88 | J36: =RANDBETWEEN(0,H36) -> 22 | K36: =INDEX(Данные!$D$1:$D$5, RANDBETWEEN(1,5)) -> Соландра косметикс | L36: =RANDBETWEEN(F36,DATE(2025,2,19)) -> 45608 | M36: =RANDBETWEEN(L36,DATE(2025,2,19)) -> 45652 | N36: =E36*I36 -> 145992

Sheet Север
A1: № | B1: Бренд | C1: Тип продукта | D1: Объем | E1: Цена | F1: Дата изготовления | G1: Дата окончания срока годности | H1: Кол-во поступивших товаров | I1: Кол-во проданных товаров | J1: Кол-во оставших товаров | K1: Поставщик | L1: Дата поставки | M1: Дата продажи | N1: Прибыль
A3: 1 | B3: =INDEX(Данные!$A$1:$A$10, RANDBETWEEN(1,10)) -> Clarins | C3: =INDEX(Данные!$B$1:$B$10, RANDBETWEEN(1,10)) -> блеск для губ | D3: =INDEX(Данные!$C$1:$C$6, RANDBETWEEN(1,6)) -> 15 | E3: =RANDBETWEEN(600,5000) -> 4813 | F3: =RANDBETWEEN(DATE(2024,2,15),DATE(2025,2,15)) -> 45701 | G3: =F3+365*3 -> 46796 | H3: =RANDBETWEEN(50,500) -> 445 | I3: =H3-J3 -> 123 | J3: =RANDBETWEEN(0,H3) -> 322 | K3: =INDEX(Данные!$D$1:$D$5, RANDBETWEEN(1,5)) -> мир красоты | L3: =RANDBETWEEN(F3,DATE(2025,2,19)) -> 45704 | M3: =RANDBETWEEN(L3,DATE(2025,2,19)) -> 45706 | N3: =E3*I3 -> 591999
A4: 2 | B4: =INDEX(Данные!$A$1:$A$10, RANDBETWEEN(1,10)) -> Vichy | C4: =INDEX(Данные!$B$1:$B$10, RANDBETWEEN(1,10)) -> тушь | D4: =INDEX(Данные!$C$1:$C$6, RANDBETWEEN(1,6)) -> 50 | E4: =RANDBETWEEN(600,5000) -> 4151 | F4: =RANDBETWEEN(DATE(2024,2,15),DATE(2025,2,15)) -> 45342 | G4: =F4+365*3 -> 46437 | H4: =RANDBETWEEN(50,300) -> 149 | I4: =H4-J4 -> 142 | J4: =RANDBETWEEN(0,H4) -> 7 | K4: =INDEX(Данные!$D$1:$D$5, RANDBETWEEN(1,5)) -> Соландра косметикс | L4: =RANDBETWEEN(F4,DATE(2025,2,19)) -> 45522 | M4: =RANDBETWEEN(L4,DATE(2025,2,19)) -> 45692 | N4: =E4*I4 -> 589442
A5: 3 | B5: =INDEX(Данные!$A$1:$A$10, RANDBETWEEN(1,10)) -> Clarins | C5: =INDEX(Данные!$B$1:$B$10, RANDBETWEEN(1,10)) -> хайлайтер | D5: =INDEX(Данные!$C$1:$C$6, RANDBETWEEN(1,6)) -> 10 | E5: =RANDBETWEEN(600,5000) -> 602 | F5: =RANDBETWEEN(DATE(2024,2,15),DATE(2025,2,15)) -> 45672 | G5: =F5+365*3 -> 46767 | H5: =RANDBETWEEN(50,300) -> 229 | I5: =H5-J5 -> 14 | J5: =RANDBETWEEN(0,H5) -> 215 | K5: =INDEX(Данные!$D$1:$D$5, RANDBETWEEN(1,5)) -> мир красоты | L5: =RANDBETWEEN(F5,DATE(2025,2,19)) -> 45674 | M5: =RANDBETWEEN(L5,DATE(2025,2,19)) -> 45694 | N5: =E5*I5 -> 8428
A6: 4 | B6: =INDEX(Данные!$A$1:$A$10, RANDBETWEEN(1,10)) -> Loreal Paris | C6: =INDEX(Данные!$B$1:$B$10, RANDBETWEEN(1,10)) -> хайлайтер | D6: =INDEX(Данные!$C$1:$C$6, RANDBETWEEN(1,6)) -> 50 | E6: =RANDBETWEEN(600,5000) -> 776 | F6: =RANDBETWEEN(DATE(2024,2,15),DATE(2025,2,15)) -> 45509 | G6: =F6+365*3 -> 46604 | H6: =RANDBETWEEN(50,300) -> 110 | I6: =H6-J6 -> 67 | J6: =RANDBETWEEN(0,H6) -> 43 | K6: =INDEX(Данные!$D$1:$D$5, RANDBETWEEN(1,5)) -> Пантикка | L6: =RANDBETWEEN(F6,DATE(2025,2,19)) -> 45612 | M6: =RANDBETWEEN(L6,DATE(2025,2,19)) -> 45698 | N6: =E6*I6 -> 51992
A7: 5 | B7: =INDEX(Данные!$A$1:$A$10, RANDBETWEEN(1,10)) -> Kiko | C7: =INDEX(Данные!$B$1:$B$10, RANDBETWEEN(1,10)) -> консилер | D7: =INDEX(Данные!$C$1:$C$6, RANDBETWEEN(1,6)) -> 30 | E7: =RANDBETWEEN(600,5000) -> 1268 | F7: =RANDBETWEEN(DATE(2024,2,15),DATE(2025,2,15)) -> 45513 | G7: =F7+365*3 -> 46608 | H7: =RANDBETWEEN(50,300) -> 227 | I7: =H7-J7 -> 151 | J7: =RANDBETWEEN(0,H7) -> 76 | K7: =INDEX(Данные!$D$1:$D$5, RANDBETWEEN(1,5)) -> Пантикка | L7: =RANDBETWEEN(F7,DATE(2025,2,19)) -> 45616 | M7: =RANDBETWEEN(L7,DATE(2025,2,19)) -> 45665 | N7: =E7*I7 -> 191468
A8: 6 | B8: =INDEX(Данные!$A$1:$A$10, RANDBETWEEN(1,10)) -> Maybelline | C8: =INDEX(Данные!$B$1:$B$10, RANDBETWEEN(1,10)) -> пенка для умывания | D8: =INDEX(Данные!$C$1:$C$6, RANDBETWEEN(1,6)) -> 15 | E8: =RANDBETWEEN(600,5000) -> 2358 | F8: =RANDBETWEEN(DATE(2024,2,15),DATE(2025,2,15)) -> 45628 | G8: =F8+365*3 -> 46723 | H8: =RANDBETWEEN(50,300) -> 196 | I8: =H8-J8 -> 70 | J8: =RANDBETWEEN(0,H8) -> 126 | K8: =INDEX(Данные!$D$1:$D$5, RANDBETWEEN(1,5)) -> Соландра косметикс | L8: =RANDBETWEEN(F8,DATE(2025,2,19)) -> 45696 | M8: =RANDBETWEEN(L8,DATE(2025,2,19)) -> 45706 | N8: =E8*I8 -> 165060
A9: 7 | B9: =INDEX(Данные!$A$1:$A$10, RANDBETWEEN(1,10)) -> Loreal Paris | C9: =INDEX(Данные!$B$1:$B$10, RANDBETWEEN(1,10)) -> помада | D9: =INDEX(Данные!$C$1:$C$6, RANDBETWEEN(1,6)) -> 30 | E9: =RANDBETWEEN(600,5000) -> 1683 | F9: =RANDBETWEEN(DATE(2024,2,15),DATE(2025,2,15)) -> 45653 | G9: =F9+365*3 -> 46748 | H9: =RANDBETWEEN(50,300) -> 132 | I9: =H9-J9 -> 78 | J9: =RANDBETWEEN(0,H9) -> 54 | K9: =INDEX(Данные!$D$1:$D$5, RANDBETWEEN(1,5)) -> Пантикка | L9: =RANDBETWEEN(F9,DATE(2025,2,19)) -> 45676 | M9: =RANDBETWEEN(L9,DATE(2025,2,19)) -> 45691 | N9: =E9*I9 -> 131274
A10: 8 | B10: =INDEX(Данные!$A$1:$A$10, RANDBETWEEN(1,10)) -> Essence | C10: =INDEX(Данные!$B$1:$B$10, RANDBETWEEN(1,10)) -> консилер | D10: =INDEX(Данные!$C$1:$C$6, RANDBETWEEN(1,6)) -> 20 | E10: =RANDBETWEEN(600,5000) -> 2670 | F10: =RANDBETWEEN(DATE(2024,2,15),DATE(2025,2,15)) -> 45635 | G10: =F10+365*3 -> 46730 | H10: =RANDBETWEEN(50,300) -> 192 | I10: =H10-J10 -> 162 | J10: =RANDBETWEEN(0,H10) -> 30 | K10: =INDEX(Данные!$D$1:$D$5, RANDBETWEEN(1,5)) -> Соландра косметикс | L10: =RANDBETWEEN(F10,DATE(2025,2,19)) -> 45707 | M10: =RANDBETWEEN(L10,DATE(2025,2,19)) -> 45707 | N10: =E10*I10 -> 432540
A11: 9 | B11: =INDEX(Данные!$A$1:$A$10, RANDBETWEEN(1,10)) -> Maybelline | C11: =INDEX(Данные!$B$1:$B$10, RANDBETWEEN(1,10)) -> праймер | D11: =INDEX(Данные!$C$1:$C$6, RANDBETWEEN(1,6)) -> 15 | E11: =RANDBETWEEN(600,5000) -> 977 | F11: =RANDBETWEEN(DATE(2024,2,15),DATE(2025,2,15)) -> 45606 | G11: =F11+365*3 -> 46701 | H11: =RANDBETWEEN(50,300) -> 64 | I11: =H11-J11 -> 14 | J11: =RANDBETWEEN(0,H11) -> 50 | K11: =INDEX(Данные!$D$1:$D$5, RANDBETWEEN(1,5)) -> Пантикка | L11: =RANDBETWEEN(F11,DATE(2025,2,19)) -> 45655 | M11: =RANDBETWEEN(L11,DATE(2025,2,19)) -> 45687 | N11: =E11*I11 -> 13678
A12: 10 | B12: =INDEX(Данные!$A$1:$A$10, RANDBETWEEN(1,10)) -> Kiko | C12: =INDEX(Данные!$B$1:$B$10, RANDBETWEEN(1,10)) -> пенка для умывания | D12: =INDEX(Данные!$C$1:$C$6, RANDBETWEEN(1,6)) -> 50 | E12: =RANDBETWEEN(600,5000) -> 3634 | F12: =RANDBETWEEN(DATE(2024,2,15),DATE(2025,2,15)) -> 45701 | G12: =F12+365*3 -> 46796 | H12: =RANDBETWEEN(50,300) -> 69 | I12: =H12-J12 -> 42 | J12: =RANDBETWEEN(0,H12) -> 27 | K12: =INDEX(Данные!$D$1:$D$5, RANDBETWEEN(1,5)) -> мир красоты | L12: =RANDBETWEEN(F12,DATE(2025,2,19)) -> 45701 | M12: =RANDBETWEEN(L12,DATE(2025,2,19)) -> 45705 | N12: =E12*I12 -> 152628
A13: 11 | B13: =INDEX(Данные!$A$1:$A$10, RANDBETWEEN(1,10)) -> Clinique | C13: =INDEX(Данные!$B$1:$B$10, RANDBETWEEN(1,10)) -> помада | D13: =INDEX(Данные!$C$1:$C$6, RANDBETWEEN(1,6)) -> 50 | E13: =RANDBETWEEN(600,5000) -> 1567 | F13: =RANDBETWEEN(DATE(2024,2,15),DATE(2025,2,15)) -> 45390 | G13: =F13+365*3 -> 46485 | H13: =RANDBETWEEN(50,300) -> 218 | I13: =H13-J13 -> 119 | J13: =RANDBETWEEN(0,H13) -> 99 | K13: =INDEX(Данные!$D$1:$D$5, RANDBETWEEN(1,5)) -> мир красоты | L13: =RANDBETWEEN(F13,DATE(2025,2,19)) -> 45507 | M13: =RANDBETWEEN(L13,DATE(2025,2,19)) -> 45600 | N13: =E13*I13 -> 186473
A14: 12 | B14: =INDEX(Данные!$A$1:$A$10, RANDBETWEEN(1,10)) -> CeraVe | C14: =INDEX(Данные!$B$1:$B$10, RANDBETWEEN(1,10)) -> тональная основа | D14: =INDEX(Данные!$C$1:$C$6, RANDBETWEEN(1,6)) -> 50 | E14: =RANDBETWEEN(600,5000) -> 748 | F14: =RANDBETWEEN(DATE(2024,2,15),DATE(2025,2,15)) -> 45477 | G14: =F14+365*3 -> 46572 | H14: =RANDBETWEEN(50,300) -> 154 | I14: =H14-J14 -> 119 | J14: =RANDBETWEEN(0,H14) -> 35 | K14: =INDEX(Данные!$D$1:$D$5, RANDBETWEEN(1,5)) -> Соландра косметикс | L14: =RANDBETWEEN(F14,DATE(2025,2,19)) -> 45514 | M14: =RANDBETWEEN(L14,DATE(2025,2,19)) -> 45555 | N14: =E14*I14 -> 89012
A15: 13 | B15: =INDEX(Данные!$A$1:$A$10, RANDBETWEEN(1,10)) -> Essence | C15: =INDEX(Данные!$B$1:$B$10, RANDBETWEEN(1,10)) -> пенка для умывания | D15: =INDEX(Данные!$C$1:$C$6, RANDBETWEEN(1,6)) -> 10 | E15: =RANDBETWEEN(600,5000) -> 2819 | F15: =RANDBETWEEN(DATE(2024,2,15),DATE(2025,2,15)) -> 45509 | G15: =F15+365*3 -> 46604 | H15: =RANDBETWEEN(50,300) -> 182 | I15: =H15-J15 -> 139 | J15: =RANDBETWEEN(0,H15) -> 43 | K15: =INDEX(Данные!$D$1:$D$5, RANDBETWEEN(1,5)) -> органик лайн | L15: =RANDBETWEEN(F15,DATE(2025,2,19)) -> 45524 | M15: =RANDBETWEEN(L15,DATE(2025,2,19)) -> 45651 | N15: =E15*I15 -> 391841
... A36: 34 | B36: =INDEX(Данные!$A$1:$A$10, RANDBETWEEN(1,10)) -> Vichy | C36: =INDEX(Данные!$B$1:$B$10, RANDBETWEEN(1,10)) -> блеск для губ | D36: =INDEX(Данные!$C$1:$C$6, RANDBETWEEN(1,6)) -> 50 | E36: =RANDBETWEEN(600,5000) -> 4386 | F36: =RANDBETWEEN(DATE(2024,2,15),DATE(2025,2,15)) -> 45570 | G36: =F36+365*3 -> 46665 | H36: =RANDBETWEEN(50,300) -> 293 | I36: =H36-J36 -> 197 | J36: =RANDBETWEEN(0,H36) -> 96 | K36: =INDEX(Данные!$D$1:$D$5, RANDBETWEEN(1,5)) -> Пантикка | L36: =RANDBETWEEN(F36,DATE(2025,2,19)) -> 45611 | M36: =RANDBETWEEN(L36,DATE(2025,2,19)) -> 45701 | N36: =E36*I36 -> 864042

Sheet Запад
A1: № | B1: Бренд | C1: Тип продукта | D1: Объем | E1: Цена | F1: Дата изготовления | G1: Дата окончания срока годности | H1: Кол-во поступивших товаров | I1: Кол-во проданных товаров | J1: Кол-во оставших товаров | K1: Поставщик | L1: Дата поставки | M1: Дата продажи | N1: Прибыль
A3: 1 | B3: =INDEX(Данные!$A$1:$A$10, RANDBETWEEN(1,10)) -> Clarins | C3: =INDEX(Данные!$B$1:$B$10, RANDBETWEEN(1,10)) -> блеск для губ | D3: =INDEX(Данные!$C$1:$C$6, RANDBETWEEN(1,6)) -> 20 | E3: =RANDBETWEEN(600,5000) -> 868 | F3: =RANDBETWEEN(DATE(2024,2,15),DATE(2025,2,15)) -> 45513 | G3: =F3+365*3 -> 46608 | H3: =RANDBETWEEN(50,500) -> 109 | I3: =H3-J3 -> 19 | J3: =RANDBETWEEN(0,H3) -> 90 | K3: =INDEX(Данные!$D$1:$D$5, RANDBETWEEN(1,5)) -> Соландра косметикс | L3: =RANDBETWEEN(F3,DATE(2025,2,19)) -> 45650 | M3: =RANDBETWEEN(L3,DATE(2025,2,19)) -> 45666 | N3: =E3*I3 -> 16492
A4: 2 | B4: =INDEX(Данные!$A$1:$A$10, RANDBETWEEN(1,10)) -> CeraVe | C4: =INDEX(Данные!$B$1:$B$10, RANDBETWEEN(1,10)) -> хайлайтер | D4: =INDEX(Данные!$C$1:$C$6, RANDBETWEEN(1,6)) -> 15 | E4: =RANDBETWEEN(600,5000) -> 2154 | F4: =RANDBETWEEN(DATE(2024,2,15),DATE(2025,2,15)) -> 45357 | G4: =F4+365*3 -> 46452 | H4: =RANDBETWEEN(50,300) -> 79 | I4: =H4-J4 -> 62 | J4: =RANDBETWEEN(0,H4) -> 17 | K4: =INDEX(Данные!$D$1:$D$5, RANDBETWEEN(1,5)) -> Пантикка | L4: =RANDBETWEEN(F4,DATE(2025,2,19)) -> 45682 | M4: =RANDBETWEEN(L4,DATE(2025,2,19)) -> 45697 | N4: =E4*I4 -> 133548
A5: 3 | B5: =INDEX(Данные!$A$1:$A$10, RANDBETWEEN(1,10)) -> Vichy | C5: =INDEX(Данные!$B$1:$B$10, RANDBETWEEN(1,10)) -> хайлайтер | D5: =INDEX(Данные!$C$1:$C$6, RANDBETWEEN(1,6)) -> 15 | E5: =RANDBETWEEN(600,5000) -> 3037 | F5: =RANDBETWEEN(DATE(2024,2,15),DATE(2025,2,15)) -> 45404 | G5: =F5+365*3 -> 46499 | H5: =RANDBETWEEN(50,300) -> 220 | I5: =H5-J5 -> 87 | J5: =RANDBETWEEN(0,H5) -> 133 | K5: =INDEX(Данные!$D$1:$D$5, RANDBETWEEN(1,5)) -> Пантикка | L5: =RANDBETWEEN(F5,DATE(2025,2,19)) -> 45414 | M5: =RANDBETWEEN(L5,DATE(2025,2,19)) -> 45532 | N5: =E5*I5 -> 264219
A6: 4 | B6: =INDEX(Данные!$A$1:$A$10, RANDBETWEEN(1,10)) -> Loreal Paris | C6: =INDEX(Данные!$B$1:$B$10, RANDBETWEEN(1,10)) -> консилер | D6: =INDEX(Данные!$C$1:$C$6, RANDBETWEEN(1,6)) -> 10 | E6: =RANDBETWEEN(600,5000) -> 4116 | F6: =RANDBETWEEN(DATE(2024,2,15),DATE(2025,2,15)) -> 45357 | G6: =F6+365*3 -> 46452 | H6: =RANDBETWEEN(50,300) -> 67 | I6: =H6-J6 -> 38 | J6: =RANDBETWEEN(0,H6) -> 29 | K6: =INDEX(Данные!$D$1:$D$5, RANDBETWEEN(1,5)) -> Соландра косметикс | L6: =RANDBETWEEN(F6,DATE(2025,2,19)) -> 45546 | M6: =RANDBETWEEN(L6,DATE(2025,2,19)) -> 45568 | N6: =E6*I6 -> 156408
A7: 5 | B7: =INDEX(Данные!$A$1:$A$10, RANDBETWEEN(1,10)) -> CeraVe | C7: =INDEX(Данные!$B$1:$B$10, RANDBETWEEN(1,10)) -> румяна | D7: =INDEX(Данные!$C$1:$C$6, RANDBETWEEN(1,6)) -> 50 | E7: =RANDBETWEEN(600,5000) -> 3716 | F7: =RANDBETWEEN(DATE(2024,2,15),DATE(2025,2,15)) -> 45609 | G7: =F7+365*3 -> 46704 | H7: =RANDBETWEEN(50,300) -> 109 | I7: =H7-J7 -> 74 | J7: =RANDBETWEEN(0,H7) -> 35 | K7: =INDEX(Данные!$D$1:$D$5, RANDBETWEEN(1,5)) -> Пантикка | L7: =RANDBETWEEN(F7,DATE(2025,2,19)) -> 45672 | M7: =RANDBETWEEN(L7,DATE(2025,2,19)) -> 45694 | N7: =E7*I7 -> 274984
A8: 6 | B8: =INDEX(Данные!$A$1:$A$10, RANDBETWEEN(1,10)) -> Maybelline | C8: =INDEX(Данные!$B$1:$B$10, RANDBETWEEN(1,10)) -> помада | D8: =INDEX(Данные!$C$1:$C$6, RANDBETWEEN(1,6)) -> 20 | E8: =RANDBETWEEN(600,5000) -> 3174 | F8: =RANDBETWEEN(DATE(2024,2,15),DATE(2025,2,15)) -> 45619 | G8: =F8+365*3 -> 46714 | H8: =RANDBETWEEN(50,300) -> 65 | I8: =H8-J8 -> 20 | J8: =RANDBETWEEN(0,H8) -> 45 | K8: =INDEX(Данные!$D$1:$D$5, RANDBETWEEN(1,5)) -> Соландра косметикс | L8: =RANDBETWEEN(F8,DATE(2025,2,19)) -> 45647 | M8: =RANDBETWEEN(L8,DATE(2025,2,19)) -> 45705 | N8: =E8*I8 -> 63480
A9: 7 | B9: =INDEX(Данные!$A$1:$A$10, RANDBETWEEN(1,10)) -> NYX | C9: =INDEX(Данные!$B$1:$B$10, RANDBETWEEN(1,10)) -> хайлайтер | D9: =INDEX(Данные!$C$1:$C$6, RANDBETWEEN(1,6)) -> 20 | E9: =RANDBETWEEN(600,5000) -> 2526 | F9: =RANDBETWEEN(DATE(2024,2,15),DATE(2025,2,15)) -> 45368 | G9: =F9+365*3 -> 46463 | H9: =RANDBETWEEN(50,300) -> 155 | I9: =H9-J9 -> 91 | J9: =RANDBETWEEN(0,H9) -> 64 | K9: =INDEX(Данные!$D$1:$D$5, RANDBETWEEN(1,5)) -> органик лайн | L9: =RANDBETWEEN(F9,DATE(2025,2,19)) -> 45620 | M9: =RANDBETWEEN(L9,DATE(2025,2,19)) -> 45677 | N9: =E9*I9 -> 229866
A10: 8 | B10: =INDEX(Данные!$A$1:$A$10, RANDBETWEEN(1,10)) -> Vichy | C10: =INDEX(Данные!$B$1:$B$10, RANDBETWEEN(1,10)) -> помада | D10: =INDEX(Данные!$C$1:$C$6, RANDBETWEEN(1,6)) -> 20 | E10: =RANDBETWEEN(600,5000) -> 3993 | F10: =RANDBETWEEN(DATE(2024,2,15),DATE(2025,2,15)) -> 45360 | G10: =F10+365*3 -> 46455 | H10: =RANDBETWEEN(50,300) -> 100 | I10: =H10-J10 -> 61 | J10: =RANDBETWEEN(0,H10) -> 39 | K10: =INDEX(Данные!$D$1:$D$5, RANDBETWEEN(1,5)) -> органик лайн | L10: =RANDBETWEEN(F10,DATE(2025,2,19)) -> 45582 | M10: =RANDBETWEEN(L10,DATE(2025,2,19)) -> 45696 | N10: =E10*I10 -> 243573
A11: 9 | B11: =INDEX(Данные!$A$1:$A$10, RANDBETWEEN(1,10)) -> Kiko | C11: =INDEX(Данные!$B$1:$B$10, RANDBETWEEN(1,10)) -> тушь | D11: =INDEX(Данные!$C$1:$C$6, RANDBETWEEN(1,6)) -> 20 | E11: =RANDBETWEEN(600,5000) -> 2712 | F11: =RANDBETWEEN(DATE(2024,2,15),DATE(2025,2,15)) -> 45477 | G11: =F11+365*3 -> 46572 | H11: =RANDBETWEEN(50,300) -> 114 | I11: =H11-J11 -> 84 | J11: =RANDBETWEEN(0,H11) -> 30 | K11: =INDEX(Данные!$D$1:$D$5, RANDBETWEEN(1,5)) -> Пантикка | L11: =RANDBETWEEN(F11,DATE(2025,2,19)) -> 45700 | M11: =RANDBETWEEN(L11,DATE(2025,2,19)) -> 45701 | N11: =E11*I11 -> 227808
A12: 10 | B12: =INDEX(Данные!$A$1:$A$10, RANDBETWEEN(1,10)) -> CeraVe | C12: =INDEX(Данные!$B$1:$B$10, RANDBETWEEN(1,10)) -> пенка для умывания | D12: =INDEX(Данные!$C$1:$C$6, RANDBETWEEN(1,6)) -> 30 | E12: =RANDBETWEEN(600,5000) -> 2345 | F12: =RANDBETWEEN(DATE(2024,2,15),DATE(2025,2,15)) -> 45423 | G12: =F12+365*3 -> 46518 | H12: =RANDBETWEEN(50,300) -> 289 | I12: =H12-J12 -> 198 | J12: =RANDBETWEEN(0,H12) -> 91 | K12: =INDEX(Данные!$D$1:$D$5, RANDBETWEEN(1,5)) -> органик лайн | L12: =RANDBETWEEN(F12,DATE(2025,2,19)) -> 45590 | M12: =RANDBETWEEN(L12,DATE(2025,2,19)) -> 45678 | N12: =E12*I12 -> 464310
A13: 11 | B13: =INDEX(Данные!$A$1:$A$10, RANDBETWEEN(1,10)) -> CeraVe | C13: =INDEX(Данные!$B$1:$B$10, RANDBETWEEN(1,10)) -> блеск для губ | D13: =INDEX(Данные!$C$1:$C$6, RANDBETWEEN(1,6)) -> 30 | E13: =RANDBETWEEN(600,5000) -> 1518 | F13: =RANDBETWEEN(DATE(2024,2,15),DATE(2025,2,15)) -> 45640 | G13: =F13+365*3 -> 46735 | H13: =RANDBETWEEN(50,300) -> 229 | I13: =H13-J13 -> 220 | J13: =RANDBETWEEN(0,H13) -> 9 | K13: =INDEX(Данные!$D$1:$D$5, RANDBETWEEN(1,5)) -> мир красоты | L13: =RANDBETWEEN(F13,DATE(2025,2,19)) -> 45666 | M13: =RANDBETWEEN(L13,DATE(2025,2,19)) -> 45692 | N13: =E13*I13 -> 333960
A14: 12 | B14: =INDEX(Данные!$A$1:$A$10, RANDBETWEEN(1,10)) -> Essence | C14: =INDEX(Данные!$B$1:$B$10, RANDBETWEEN(1,10)) -> тушь | D14: =INDEX(Данные!$C$1:$C$6, RANDBETWEEN(1,6)) -> 50 | E14: =RANDBETWEEN(600,5000) -> 4863 | F14: =RANDBETWEEN(DATE(2024,2,15),DATE(2025,2,15)) -> 45535 | G14: =F14+365*3 -> 46630 | H14: =RANDBETWEEN(50,300) -> 275 | I14: =H14-J14 -> 254 | J14: =RANDBETWEEN(0,H14) -> 21 | K14: =INDEX(Данные!$D$1:$D$5, RANDBETWEEN(1,5)) -> мир красоты | L14: =RANDBETWEEN(F14,DATE(2025,2,19)) -> 45538 | M14: =RANDBETWEEN(L14,DATE(2025,2,19)) -> 45668 | N14: =E14*I14 -> 1235202
A15: 13 | B15: =INDEX(Данные!$A$1:$A$10, RANDBETWEEN(1,10)) -> Kiko | C15: =INDEX(Данные!$B$1:$B$10, RANDBETWEEN(1,10)) -> блеск для губ | D15: =INDEX(Данные!$C$1:$C$6, RANDBETWEEN(1,6)) -> 100 | E15: =RANDBETWEEN(600,5000) -> 4838 | F15: =RANDBETWEEN(DATE(2024,2,15),DATE(2025,2,15)) -> 45418 | G15: =F15+365*3 -> 46513 | H15: =RANDBETWEEN(50,300) -> 168 | I15: =H15-J15 -> 71 | J15: =RANDBETWEEN(0,H15) -> 97 | K15: =INDEX(Данные!$D$1:$D$5, RANDBETWEEN(1,5)) -> Пантикка | L15: =RANDBETWEEN(F15,DATE(2025,2,19)) -> 45581 | M15: =RANDBETWEEN(L15,DATE(2025,2,19)) -> 45608 | N15: =E15*I15 -> 343498
... A36: 34 | B36: =INDEX(Данные!$A$1:$A$10, RANDBETWEEN(1,10)) -> Kiko | C36: =INDEX(Данные!$B$1:$B$10, RANDBETWEEN(1,10)) -> праймер | D36: =INDEX(Данные!$C$1:$C$6, RANDBETWEEN(1,6)) -> 50 | E36: =RANDBETWEEN(600,5000) -> 1022 | F36: =RANDBETWEEN(DATE(2024,2,15),DATE(2025,2,15)) -> 45684 | G36: =F36+365*3 -> 46779 | H36: =RANDBETWEEN(50,300) -> 213 | I36: =H36-J36 -> 204 | J36: =RANDBETWEEN(0,H36) -> 9 | K36: =INDEX(Данные!$D$1:$D$5, RANDBETWEEN(1,5)) -> Соландра косметикс | L36: =RANDBETWEEN(F36,DATE(2025,2,19)) -> 45685 | M36: =RANDBETWEEN(L36,DATE(2025,2,19)) -> 45685 | N36: =E36*I36 -> 208488

Sheet Восток
A1: № | B1: Бренд | C1: Тип продукта | D1: Объем | E1: Цена | F1: Дата изготовления | G1: Дата окончания срока годности | H1: Кол-во поступивших товаров | I1: Кол-во проданных товаров | J1: Кол-во оставших товаров | K1: Поставщик | L1: Дата поставки | M1: Дата продажи | N1: Прибыль
A3: 1 | B3: =INDEX(Данные!$A$1:$A$10, RANDBETWEEN(1,10)) -> Gosh | C3: =INDEX(Данные!$B$1:$B$10, RANDBETWEEN(1,10)) -> консилер | D3: =INDEX(Данные!$C$1:$C$6, RANDBETWEEN(1,6)) -> 10 | E3: =RANDBETWEEN(600,5000) -> 699 | F3: =RANDBETWEEN(DATE(2024,2,15),DATE(2025,2,15)) -> 45464 | G3: =F3+365*3 -> 46559 | H3: =RANDBETWEEN(50,500) -> 238 | I3: =H3-J3 -> 217 | J3: =RANDBETWEEN(0,H3) -> 21 | K3: =INDEX(Данные!$D$1:$D$5, RANDBETWEEN(1,5)) -> Пантикка | L3: =RANDBETWEEN(F3,DATE(2025,2,19)) -> 45622 | M3: =RANDBETWEEN(L3,DATE(2025,2,19)) -> 45678 | N3: =E3*I3 -> 151683
A4: 2 | B4: =INDEX(Данные!$A$1:$A$10, RANDBETWEEN(1,10)) -> NYX | C4: =INDEX(Данные!$B$1:$B$10, RANDBETWEEN(1,10)) -> праймер | D4: =INDEX(Данные!$C$1:$C$6, RANDBETWEEN(1,6)) -> 50 | E4: =RANDBETWEEN(600,5000) -> 3672 | F4: =RANDBETWEEN(DATE(2024,2,15),DATE(2025,2,15)) -> 45599 | G4: =F4+365*3 -> 46694 | H4: =RANDBETWEEN(50,300) -> 287 | I4: =H4-J4 -> 9 | J4: =RANDBETWEEN(0,H4) -> 278 | K4: =INDEX(Данные!$D$1:$D$5, RANDBETWEEN(1,5)) -> Соландра косметикс | L4: =RANDBETWEEN(F4,DATE(2025,2,19)) -> 45632 | M4: =RANDBETWEEN(L4,DATE(2025,2,19)) -> 45636 | N4: =E4*I4 -> 33048
A5: 3 | B5: =INDEX(Данные!$A$1:$A$10, RANDBETWEEN(1,10)) -> CeraVe | C5: =INDEX(Данные!$B$1:$B$10, RANDBETWEEN(1,10)) -> праймер | D5: =INDEX(Данные!$C$1:$C$6, RANDBETWEEN(1,6)) -> 15 | E5: =RANDBETWEEN(600,5000) -> 2532 | F5: =RANDBETWEEN(DATE(2024,2,15),DATE(2025,2,15)) -> 45399 | G5: =F5+365*3 -> 46494 | H5: =RANDBETWEEN(50,300) -> 266 | I5: =H5-J5 -> 132 | J5: =RANDBETWEEN(0,H5) -> 134 | K5: =INDEX(Данные!$D$1:$D$5, RANDBETWEEN(1,5)) -> ИП Иванова | L5: =RANDBETWEEN(F5,DATE(2025,2,19)) -> 45534 | M5: =RANDBETWEEN(L5,DATE(2025,2,19)) -> 45550 | N5: =E5*I5 -> 334224
A6: 4 | B6: =INDEX(Данные!$A$1:$A$10, RANDBETWEEN(1,10)) -> Vichy | C6: =INDEX(Данные!$B$1:$B$10, RANDBETWEEN(1,10)) -> скульптор | D6: =INDEX(Данные!$C$1:$C$6, RANDBETWEEN(1,6)) -> 20 | E6: =RANDBETWEEN(600,5000) -> 2450 | F6: =RANDBETWEEN(DATE(2024,2,15),DATE(2025,2,15)) -> 45354 | G6: =F6+365*3 -> 46449 | H6: =RANDBETWEEN(50,300) -> 53 | I6: =H6-J6 -> 22 | J6: =RANDBETWEEN(0,H6) -> 31 | K6: =INDEX(Данные!$D$1:$D$5, RANDBETWEEN(1,5)) -> мир красоты | L6: =RANDBETWEEN(F6,DATE(2025,2,19)) -> 45624 | M6: =RANDBETWEEN(L6,DATE(2025,2,19)) -> 45628 | N6: =E6*I6 -> 53900
A7: 5 | B7: =INDEX(Данные!$A$1:$A$10, RANDBETWEEN(1,10)) -> Gosh | C7: =INDEX(Данные!$B$1:$B$10, RANDBETWEEN(1,10)) -> румяна | D7: =INDEX(Данные!$C$1:$C$6, RANDBETWEEN(1,6)) -> 20 | E7: =RANDBETWEEN(600,5000) -> 1184 | F7: =RANDBETWEEN(DATE(2024,2,15),DATE(2025,2,15)) -> 45565 | G7: =F7+365*3 -> 46660 | H7: =RANDBETWEEN(50,300) -> 124 | I7: =H7-J7 -> 55 | J7: =RANDBETWEEN(0,H7) -> 69 | K7: =INDEX(Данные!$D$1:$D$5, RANDBETWEEN(1,5)) -> мир красоты | L7: =RANDBETWEEN(F7,DATE(2025,2,19)) -> 45692 | M7: =RANDBETWEEN(L7,DATE(2025,2,19)) -> 45701 | N7: =E7*I7 -> 65120
A8: 6 | B8: =INDEX(Данные!$A$1:$A$10, RANDBETWEEN(1,10)) -> CeraVe | C8: =INDEX(Данные!$B$1:$B$10, RANDBETWEEN(1,10)) -> пенка для умывания | D8: =INDEX(Данные!$C$1:$C$6, RANDBETWEEN(1,6)) -> 20 | E8: =RANDBETWEEN(600,5000) -> 2620 | F8: =RANDBETWEEN(DATE(2024,2,15),DATE(2025,2,15)) -> 45553 | G8: =F8+365*3 -> 46648 | H8: =RANDBETWEEN(50,300) -> 230 | I8: =H8-J8 -> 31 | J8: =RANDBETWEEN(0,H8) -> 199 | K8: =INDEX(Данные!$D$1:$D$5, RANDBETWEEN(1,5)) -> органик лайн | L8: =RANDBETWEEN(F8,DATE(2025,2,19)) -> 45584 | M8: =RANDBETWEEN(L8,DATE(2025,2,19)) -> 45635 | N8: =E8*I8 -> 81220
A9: 7 | B9: =INDEX(Данные!$A$1:$A$10, RANDBETWEEN(1,10)) -> Clinique | C9: =INDEX(Данные!$B$1:$B$10, RANDBETWEEN(1,10)) -> помада | D9: =INDEX(Данные!$C$1:$C$6, RANDBETWEEN(1,6)) -> 50 | E9: =RANDBETWEEN(600,5000) -> 3908 | F9: =RANDBETWEEN(DATE(2024,2,15),DATE(2025,2,15)) -> 45456 | G9: =F9+365*3 -> 46551 | H9: =RANDBETWEEN(50,300) -> 99 | I9: =H9-J9 -> 72 | J9: =RANDBETWEEN(0,H9) -> 27 | K9: =INDEX(Данные!$D$1:$D$5, RANDBETWEEN(1,5)) -> Соландра косметикс | L9: =RANDBETWEEN(F9,DATE(2025,2,19)) -> 45620 | M9: =RANDBETWEEN(L9,DATE(2025,2,19)) -> 45694 | N9: =E9*I9 -> 281376
A10: 8 | B10: =INDEX(Данные!$A$1:$A$10, RANDBETWEEN(1,10)) -> Kiko | C10: =INDEX(Данные!$B$1:$B$10, RANDBETWEEN(1,10)) -> пенка для умывания | D10: =INDEX(Данные!$C$1:$C$6, RANDBETWEEN(1,6)) -> 15 | E10: =RANDBETWEEN(600,5000) -> 1227 | F10: =RANDBETWEEN(DATE(2024,2,15),DATE(2025,2,15)) -> 45638 | G10: =F10+365*3 -> 46733 | H10: =RANDBETWEEN(50,300) -> 233 | I10: =H10-J10 -> 157 | J10: =RANDBETWEEN(0,H10) -> 76 | K10: =INDEX(Данные!$D$1:$D$5, RANDBETWEEN(1,5)) -> мир красоты | L10: =RANDBETWEEN(F10,DATE(2025,2,19)) -> 45673 | M10: =RANDBETWEEN(L10,DATE(2025,2,19)) -> 45707 | N10: =E10*I10 -> 192639
A11: 9 | B11: =INDEX(Данные!$A$1:$A$10, RANDBETWEEN(1,10)) -> Maybelline | C11: =INDEX(Данные!$B$1:$B$10, RANDBETWEEN(1,10)) -> тушь | D11: =INDEX(Данные!$C$1:$C$6, RANDBETWEEN(1,6)) -> 30 | E11: =RANDBETWEEN(600,5000) -> 4757 | F11: =RANDBETWEEN(DATE(2024,2,15),DATE(2025,2,15)) -> 45587 | G11: =F11+365*3 -> 46682 | H11: =RANDBETWEEN(50,300) -> 185 | I11: =H11-J11 -> 49 | J11: =RANDBETWEEN(0,H11) -> 136 | K11: =INDEX(Данные!$D$1:$D$5, RANDBETWEEN(1,5)) -> Соландра косметикс | L11: =RANDBETWEEN(F11,DATE(2025,2,19)) -> 45587 | M11: =RANDBETWEEN(L11,DATE(2025,2,19)) -> 45652 | N11: =E11*I11 -> 233093
A12: 10 | B12: =INDEX(Данные!$A$1:$A$10, RANDBETWEEN(1,10)) -> Clinique | C12: =INDEX(Данные!$B$1:$B$10, RANDBETWEEN(1,10)) -> праймер | D12: =INDEX(Данные!$C$1:$C$6, RANDBETWEEN(1,6)) -> 30 | E12: =RANDBETWEEN(600,5000) -> 4463 | F12: =RANDBETWEEN(DATE(2024,2,15),DATE(2025,2,15)) -> 45417 | G12: =F12+365*3 -> 46512 | H12: =RANDBETWEEN(50,300) -> 153 | I12: =H12-J12 -> 127 | J12: =RANDBETWEEN(0,H12) -> 26 | K12: =INDEX(Данные!$D$1:$D$5, RANDBETWEEN(1,5)) -> органик лайн | L12: =RANDBETWEEN(F12,DATE(2025,2,19)) -> 45613 | M12: =RANDBETWEEN(L12,DATE(2025,2,19)) -> 45667 | N12: =E12*I12 -> 566801
A13: 11 | B13: =INDEX(Данные!$A$1:$A$10, RANDBETWEEN(1,10)) -> Loreal Paris | C13: =INDEX(Данные!$B$1:$B$10, RANDBETWEEN(1,10)) -> помада | D13: =INDEX(Данные!$C$1:$C$6, RANDBETWEEN(1,6)) -> 30 | E13: =RANDBETWEEN(600,5000) -> 898 | F13: =RANDBETWEEN(DATE(2024,2,15),DATE(2025,2,15)) -> 45631 | G13: =F13+365*3 -> 46726 | H13: =RANDBETWEEN(50,300) -> 171 | I13: =H13-J13 -> 154 | J13: =RANDBETWEEN(0,H13) -> 17 | K13: =INDEX(Данные!$D$1:$D$5, RANDBETWEEN(1,5)) -> Соландра косметикс | L13: =RANDBETWEEN(F13,DATE(2025,2,19)) -> 45685 | M13: =RANDBETWEEN(L13,DATE(2025,2,19)) -> 45706 | N13: =E13*I13 -> 138292
A14: 12 | B14: =INDEX(Данные!$A$1:$A$10, RANDBETWEEN(1,10)) -> Maybelline | C14: =INDEX(Данные!$B$1:$B$10, RANDBETWEEN(1,10)) -> консилер | D14: =INDEX(Данные!$C$1:$C$6, RANDBETWEEN(1,6)) -> 30 | E14: =RANDBETWEEN(600,5000) -> 4109 | F14: =RANDBETWEEN(DATE(2024,2,15),DATE(2025,2,15)) -> 45344 | G14: =F14+365*3 -> 46439 | H14: =RANDBETWEEN(50,300) -> 270 | I14: =H14-J14 -> 67 | J14: =RANDBETWEEN(0,H14) -> 203 | K14: =INDEX(Данные!$D$1:$D$5, RANDBETWEEN(1,5)) -> Соландра косметикс | L14: =RANDBETWEEN(F14,DATE(2025,2,19)) -> 45370 | M14: =RANDBETWEEN(L14,DATE(2025,2,19)) -> 45431 | N14: =E14*I14 -> 275303
A15: 13 | B15: =INDEX(Данные!$A$1:$A$10, RANDBETWEEN(1,10)) -> Maybelline | C15: =INDEX(Данные!$B$1:$B$10, RANDBETWEEN(1,10)) -> хайлайтер | D15: =INDEX(Данные!$C$1:$C$6, RANDBETWEEN(1,6)) -> 50 | E15: =RANDBETWEEN(600,5000) -> 3638 | F15: =RANDBETWEEN(DATE(2024,2,15),DATE(2025,2,15)) -> 45528 | G15: =F15+365*3 -> 46623 | H15: =RANDBETWEEN(50,300) -> 75 | I15: =H15-J15 -> 71 | J15: =RANDBETWEEN(0,H15) -> 4 | K15: =INDEX(Данные!$D$1:$D$5, RANDBETWEEN(1,5)) -> ИП Иванова | L15: =RANDBETWEEN(F15,DATE(2025,2,19)) -> 45692 | M15: =RANDBETWEEN(L15,DATE(2025,2,19)) -> 45699 | N15: =E15*I15 -> 258298
... A36: 34 | B36: =INDEX(Данные!$A$1:$A$10, RANDBETWEEN(1,10)) -> NYX | C36: =INDEX(Данные!$B$1:$B$10, RANDBETWEEN(1,10)) -> праймер | D36: =INDEX(Данные!$C$1:$C$6, RANDBETWEEN(1,6)) -> 20 | E36: =RANDBETWEEN(600,5000) -> 1864 | F36: =RANDBETWEEN(DATE(2024,2,15),DATE(2025,2,15)) -> 45600 | G36: =F36+365*3 -> 46695 | H36: =RANDBETWEEN(50,300) -> 298 | I36: =H36-J36 -> 2 | J36: =RANDBETWEEN(0,H36) -> 296 | K36: =INDEX(Данные!$D$1:$D$5, RANDBETWEEN(1,5)) -> Пантикка | L36: =RANDBETWEEN(F36,DATE(2025,2,19)) -> 45606 | M36: =RANDBETWEEN(L36,DATE(2025,2,19)) -> 45674 | N36: =E36*I36 -> 3728

Sheet Данные
A1: Maybelline | B1: блеск для губ | C1: 10 | D1: мир красоты
A2: Clinique | B2: тушь | C2: 15 | D2: ИП Иванова
A3: Essence | B3: праймер | C3: 20 | D3: Соландра косметикс
A4: CeraVe | B4: румяна | C4: 30 | D4: органик лайн
A5: Kiko | B5: хайлайтер | C5: 50 | D5: Пантикка
A6: Vichy | B6: скульптор | C6: 100
A7: Clarins | B7: тональная основа
A8: Gosh | B8: консилер
A9: NYX | B9: помада
A10: Loreal Paris | B10: пенка для умывания

Sheet Графики
A1: Сумма по полю Кол-во проданных товаров | B1: Названия столбцов
A2: Названия строк | B2: помада | C2: Общий итог
A3: Восток | B3: 249 | C3: 249
A4: ИП Иванова | B4: 127 | C4: 127
A5: мир красоты | B5: 122 | C5: 122
A6: Запад | B6: 597 | C6: 597
A7: ИП Иванова | B7: 212 | C7: 212
A8: мир красоты | B8: 272 | C8: 272
A9: органик лайн | B9: 53 | C9: 53
A10: Пантикка | B10: 60 | C10: 60
A11: Север | B11: 65 | C11: 65
A12: органик лайн | B12: 65 | C12: 65
A13: Юг | B13: 185 | C13: 185
A14: Пантикка | B14: 135 | C14: 135
... A16: Общий итог | B16: 1096 | C16: 1096
B20: Названия столбцов
B21: помада | C21: праймер | D21: скульптор | E21: тушь | F21: хайлайтер | G21: Общий итог
A22: Сумма по полю Кол-во проданных товаров | B22: 2037 | C22: 1605 | D22: 1287 | E22: 1081 | F22: 1408 | G22: 7418
A41: Названия строк | B41: Сумма по полю Прибыль
A42: Восток | B42: 8324029
A43: Запад | B43: 10221011
A44: Север | B44: 8168838
A45: Юг | B45: 5077128
A46: Общий итог | B46: 31791006
